{"cameraMode":{"drawMode":0,"name":"Shaded","section":"Shading Mode"},"sceneLighting":true,"audioPlay":false,"sceneViewState":{"m_AlwaysRefresh":false,"showFog":true,"showSkybox":true,"showFlares":true,"showImageEffects":true,"showParticleSystems":true,"showVisualEffectGraphs":true,"m_FxEnabled":true},"in2DMode":false,"pivot":{"x":711.5970458984375,"y":1314.6761474609375,"z":79.6951904296875},"rotation":{"x":-0.07210056483745575,"y":0.06338827311992645,"z":-0.0045915404334664349,"w":-0.9953716993331909},"size":812.7679443359375,"orthographic":true}